Decode1,Pal,
Time,Data,,
-107.9us,7FDF,,
-107.5us,7FDF,,
-107us,7FDF,,
-106.6us,7FE0,,
-106.2us,7FE0,,
-105.8us,7FE0,,
-105.4us,7FE0,,
-105us,7FE0,,
-104.5us,7FE0,,
-104.1us,7FE0,,
-103.7us,7FE0,,
-103.3us,7FE1,,
-102.9us,7FE1,,
-102.5us,7FE1,,
-102us,7FE1,,
-101.6us,7FE1,,
-101.2us,7FE1,,
-100.8us,7FE1,,
-100.4us,7FE1,,
-100us,7FE2,,
-99.58us,7FE2,,
-99.16us,7FE2,,
-98.75us,7FE2,,
-98.33us,7FE2,,
-97.91us,7FE2,,
-97.5us,7FE2,,
-97.08us,7FE2,,
-96.66us,7FE3,,
-96.25us,7FE3,,
-95.83us,7FE3,,
-95.41us,7FE3,,
-95us,7FE3,,
-94.58us,7FE3,,
-94.16us,7FE3,,
-93.75us,7FE3,,
-93.33us,7FE4,,
-92.91us,7FE4,,
-92.5us,7FE4,,
-92.08us,7FE4,,
-91.66us,7FE4,,
-91.25us,7FE4,,
-90.83us,7FE4,,
-90.41us,7FE4,,
-90us,7FE5,,
-89.58us,7FE5,,
-89.16us,7FE5,,
-88.75us,7FE5,,
-88.33us,7FE5,,
-87.91us,7FE5,,
-87.5us,7FE5,,
-87.08us,7FE5,,
-86.66us,7FE6,,
-86.25us,7FE6,,
-85.83us,7FE6,,
-85.41us,7FE6,,
-85us,7FE6,,
-84.58us,7FE6,,
-84.16us,7FE6,,
-83.75us,7FE6,,
-83.33us,7FE7,,
-82.91us,7FE7,,
-82.5us,7FE7,,
-82.08us,7FE7,,
-81.66us,7FE7,,
-81.25us,7FE7,,
-80.83us,7FE7,,
-80.41us,7FE7,,
-80us,7FE8,,
-79.58us,7FE8,,
-79.16us,7FE8,,
-78.75us,7FE8,,
-78.33us,7FE8,,
-77.91us,7FE8,,
-77.5us,7FE8,,
-77.08us,7FE8,,
-76.66us,7FE9,,
-76.25us,7FE9,,
-75.83us,7FE9,,
-75.41us,7FE9,,
-75us,7FE9,,
-74.58us,7FE9,,
-74.16us,7FE9,,
-73.75us,7FE9,,
-73.33us,7FEA,,
-72.91us,7FEA,,
-72.5us,7FEA,,
-72.08us,7FEA,,
-71.66us,7FEA,,
-71.25us,7FEA,,
-70.83us,7FEA,,
-70.41us,7FEA,,
-70us,7FEB,,
-69.58us,7FEB,,
-69.16us,7FEB,,
-68.75us,7FEB,,
-68.33us,7FEB,,
-67.91us,7FEB,,
-67.5us,7FEB,,
-67.08us,7FEB,,
-66.66us,7FEC,,
-66.25us,7FEC,,
-65.83us,7FEC,,
-65.41us,7FEC,,
-65us,7FEC,,
-64.58us,7FEC,,
-64.16us,7FEC,,
-63.75us,7FEC,,
-63.33us,7FED,,
-62.91us,7FED,,
-62.5us,7FED,,
-62.08us,7FED,,
-61.66us,7FED,,
-61.25us,7FED,,
-60.83us,7FED,,
-60.41us,7FED,,
-60us,7FEE,,
-59.58us,7FEE,,
-59.16us,7FEE,,
-58.75us,7FEE,,
-58.33us,7FEE,,
-57.91us,7FEE,,
-57.5us,7FEE,,
-57.08us,7FEE,,
-56.66us,7FEF,,
-56.25us,7FEF,,
-55.83us,7FEF,,
-55.41us,7FEF,,
-55us,7FEF,,
-54.58us,7FEF,,
-54.16us,7FEF,,
-53.75us,7FEF,,
-53.33us,7FF0,,
-52.91us,7FF0,,
-52.5us,7FF0,,
-52.08us,7FF0,,
-51.66us,7FF0,,
-51.25us,7FF0,,
-50.83us,7FF0,,
-50.41us,7FF0,,
-50us,7FF1,,
-49.58us,7FF1,,
-49.16us,7FF1,,
-48.75us,7FF1,,
-48.33us,7FF1,,
-47.91us,7FF1,,
-47.5us,7FF1,,
-47.08us,7FF1,,
-46.66us,7FF2,,
-46.25us,7FF2,,
-45.83us,7FF2,,
-45.41us,7FF2,,
-45us,7FF2,,
-44.58us,7FF2,,
-44.16us,7FF2,,
-43.75us,7FF2,,
-43.33us,7FF3,,
-42.91us,7FF3,,
-42.5us,7FF3,,
-42.08us,7FF3,,
-41.66us,7FF3,,
-41.25us,7FF3,,
-40.83us,7FF3,,
-40.41us,7FF3,,
-40us,7FF4,,
-39.58us,7FF4,,
-39.16us,7FF4,,
-38.75us,7FF4,,
-38.33us,7FF4,,
-37.91us,7FF4,,
-37.5us,7FF4,,
-37.08us,7FF4,,
-36.66us,7FF5,,
-36.25us,7FF5,,
-35.83us,7FF5,,
-35.41us,7FF5,,
-35us,7FF5,,
-34.58us,7FF5,,
-34.16us,7FF5,,
-33.75us,7FF5,,
-33.33us,7FF6,,
-32.91us,7FF6,,
-32.5us,7FF6,,
-32.08us,7FF6,,
-31.66us,7FF6,,
-31.25us,7FF6,,
-30.83us,7FF6,,
-30.41us,7FF6,,
-30us,7FF7,,
-29.58us,7FF7,,
-29.16us,7FF7,,
-28.75us,7FF7,,
-28.33us,7FF7,,
-27.91us,7FF7,,
-27.5us,7FF7,,
-27.08us,7FF7,,
-26.66us,7FF8,,
-26.25us,7FF8,,
-25.83us,7FF8,,
-25.41us,7FF8,,
-25us,7FF8,,
-24.58us,7FF8,,
-24.16us,7FF8,,
-23.75us,7FF8,,
-23.33us,7FF9,,
-22.91us,7FF9,,
-22.5us,7FF9,,
-22.08us,7FF9,,
-21.66us,7FF9,,
-21.25us,7FF9,,
-20.83us,7FF9,,
-20.41us,7FF9,,
-20us,7FFA,,
-19.58us,7FFA,,
-19.16us,7FFA,,
-18.75us,7FFA,,
-18.33us,7FFA,,
-17.91us,7FFA,,
-17.5us,7FFA,,
-17.08us,7FFA,,
-16.66us,7FFB,,
-16.25us,7FFB,,
-15.83us,7FFB,,
-15.41us,7FFB,,
-15us,7FFB,,
-14.58us,7FFB,,
-14.16us,7FFB,,
-13.75us,7FFB,,
-13.33us,7FFC,,
-12.91us,7FFC,,
-12.5us,7FFC,,
-12.08us,7FFC,,
-11.66us,7FFC,,
-11.25us,7FFC,,
-10.83us,7FFC,,
-10.41us,7FFC,,
-10us,7FFD,,
-9.583us,7FFD,,
-9.166us,7FFD,,
-8.749us,7FFD,,
-8.334us,7FFD,,
-7.915us,7FFD,,
-7.5us,7FFD,,
-7.084us,7FFD,,
-6.666us,7FFE,,
-6.25us,7FFE,,
-5.834us,7FFE,,
-5.416us,7FFE,,
-5us,7FFE,,
-4.583us,7FFE,,
-4.166us,7FFE,,
-3.749us,7FFE,,
-3.334us,7FFF,,
-2.915us,7FFF,,
-2.5us,7FFF,,
-2.084us,7FFF,,
-1.666us,7FFF,,
-1.25us,7FFF,,
-833.9ns,7FFF,,
-416ns,7FFF,,
0s,0000,,
416ns,0000,,
833.9ns,0000,,
1.25us,0000,,
1.665us,0000,,
2.084us,0000,,
2.499us,0000,,
2.915us,0000,,
3.334us,0001,,
3.749us,0031,,
4.166us,0031,,
4.583us,0032,,
5us,0032,,
5.416us,0032,,
5.834us,0032,,
6.25us,0032,,
6.665us,0001,,
7.084us,0001,,
7.5us,0002,,
7.915us,0002,,
8.334us,0002,,
8.749us,0003,,
9.166us,0003,,
9.583us,0003,,
10us,0003,,
10.41us,0003,,
10.83us,0004,,
11.25us,0004,,
11.66us,0004,,
12.08us,0005,,
12.5us,0005,,
12.91us,0005,,
13.33us,0005,,
13.75us,0005,,
14.16us,0006,,
14.58us,0006,,
15us,0006,,
15.41us,0007,,
15.83us,0007,,
16.25us,0007,,
16.66us,0007,,
17.08us,0007,,
17.5us,0008,,
17.91us,0008,,
18.33us,0008,,
18.75us,0009,,
19.16us,0009,,
19.58us,0009,,
20us,0009,,
20.41us,0009,,
20.83us,000A,,
21.25us,000A,,
21.66us,000A,,
22.08us,000B,,
22.5us,000B,,
22.91us,000B,,
23.33us,000B,,
23.75us,000B,,
24.16us,000C,,
24.58us,000C,,
25us,000C,,
25.41us,000D,,
25.83us,000D,,
26.25us,000D,,
26.66us,000D,,
27.08us,000D,,
27.5us,000E,,
27.91us,000E,,
28.33us,000E,,
28.75us,000F,,
29.16us,000F,,
29.58us,000F,,
30us,000F,,
30.41us,000F,,
30.83us,0010,,
31.25us,0010,,
31.66us,0010,,
32.08us,0032,,
32.5us,0032,,
32.91us,0032,,
33.33us,0033,,
33.75us,0033,,
34.16us,0033,,
34.58us,0033,,
35us,0033,,
35.41us,0023,,
35.83us,0023,,
36.25us,0024,,
36.66us,0024,,
37.08us,0024,,
37.5us,0024,,
37.91us,0025,,
38.33us,0025,,
38.75us,0025,,
39.16us,0025,,
39.58us,0026,,
40us,0028,,
40.41us,0028,,
40.83us,0029,,
41.25us,0029,,
41.66us,0029,,
42.08us,002A,,
42.5us,002A,,
42.91us,002A,,
43.33us,0033,,
43.75us,0033,,
44.16us,0033,,
44.58us,0034,,
45us,0034,,
45.41us,0034,,
45.83us,0034,,
46.25us,0034,,
46.66us,0035,,
47.08us,0035,,
47.5us,0035,,
47.91us,0036,,
48.33us,0032,,
48.75us,0032,,
49.16us,0033,,
49.58us,0033,,
50us,0033,,
50.41us,0033,,
50.83us,0033,,
51.25us,0023,,
51.66us,0023,,
52.08us,0024,,
52.5us,0024,,
52.91us,0024,,
53.33us,0024,,
53.75us,0025,,
54.16us,0025,,
54.58us,0025,,
55us,0025,,
55.41us,0026,,
55.83us,0028,,
56.25us,0028,,
56.66us,0029,,
57.08us,0029,,
57.5us,0029,,
57.91us,002A,,
58.33us,002A,,
58.75us,002A,,
59.16us,0033,,
59.58us,0033,,
60us,0033,,
60.41us,0034,,
60.83us,0034,,
61.25us,0034,,
61.66us,0034,,
62.08us,0034,,
62.5us,0035,,
62.91us,0035,,
63.33us,0035,,
63.75us,0036,,
64.16us,0032,,
64.58us,0032,,
64.99us,0033,,
65.41us,0033,,
65.83us,0033,,
66.25us,0033,,
66.66us,0033,,
67.08us,0023,,
67.5us,0023,,
67.91us,0024,,
68.33us,0024,,
68.75us,0024,,
69.16us,0024,,
69.58us,0025,,
70us,0025,,
70.41us,0025,,
70.83us,0025,,
71.25us,0026,,
71.66us,0028,,
72.08us,0028,,
72.5us,0029,,
72.91us,0029,,
73.33us,0029,,
73.75us,002A,,
74.16us,002A,,
74.58us,002A,,
74.99us,0033,,
75.41us,0033,,
75.83us,0033,,
76.25us,0034,,
76.66us,0034,,
77.08us,0034,,
77.5us,0034,,
77.91us,0034,,
78.33us,0035,,
78.75us,0035,,
79.16us,0035,,
79.58us,0036,,
80us,0032,,
80.41us,0032,,
80.83us,0033,,
81.25us,0033,,
81.66us,0033,,
82.08us,0033,,
82.5us,0033,,
82.91us,0023,,
83.33us,0023,,
83.75us,0024,,
84.16us,0024,,
84.58us,0024,,
84.99us,0024,,
85.41us,0025,,
85.83us,0025,,
86.25us,0025,,
86.66us,0025,,
87.08us,0026,,
87.5us,0028,,
87.91us,0028,,
88.33us,0029,,
88.75us,0029,,
89.16us,0029,,
89.58us,002A,,
90us,002A,,
90.41us,002A,,
90.83us,0033,,
91.25us,0033,,
91.66us,0033,,
92.08us,0034,,
92.5us,0034,,
92.91us,0034,,
93.33us,0034,,
93.75us,0034,,
94.16us,0035,,
94.58us,0035,,
94.99us,0035,,
95.41us,0036,,
95.83us,0032,,
96.24us,0032,,
96.66us,0033,,
97.08us,0033,,
97.5us,0033,,
97.91us,0033,,
98.33us,0033,,
98.75us,0023,,
99.16us,0023,,
99.58us,0024,,
100us,0024,,
100.4us,0024,,
100.8us,0024,,
101.2us,0025,,
101.6us,0025,,
102us,0025,,
102.5us,0025,,
102.9us,0026,,
103.3us,0028,,
103.7us,0028,,
104.1us,0029,,
104.5us,0029,,
105us,0029,,
105.4us,002A,,
105.8us,002A,,
106.2us,002A,,
106.6us,0033,,
107us,0033,,
107.5us,0033,,
107.9us,0034,,
108.3us,0034,,
108.7us,0034,,
109.1us,0034,,
109.5us,0034,,
110us,0035,,
110.4us,0035,,
110.8us,0035,,
111.2us,0036,,
111.6us,0032,,
112us,0032,,
112.5us,0033,,
112.9us,0033,,
113.3us,0033,,
113.7us,0033,,
114.1us,0033,,
114.5us,0023,,
115us,0023,,
115.4us,0024,,
115.8us,0024,,
116.2us,0024,,
116.6us,0024,,
117us,0025,,
117.5us,0025,,
117.9us,0025,,
118.3us,0025,,
118.7us,0026,,
119.1us,0028,,
119.5us,0028,,
120us,0029,,
120.4us,0029,,
120.8us,0029,,
121.2us,002A,,
121.6us,002A,,
122us,002A,,
122.5us,0033,,
122.9us,0033,,
123.3us,0033,,
123.7us,0034,,
124.1us,0034,,
124.5us,0034,,
125us,0034,,
125.4us,0034,,
125.8us,0035,,
126.2us,0035,,
126.6us,0035,,
127us,0036,,
127.5us,0032,,
127.9us,0032,,
128.3us,0033,,
128.7us,0033,,
129.1us,0033,,
129.5us,0033,,
130us,0033,,
130.4us,0023,,
130.8us,0023,,
131.2us,0024,,
131.6us,0024,,
132us,0024,,
132.5us,0024,,
132.9us,0025,,
133.3us,0025,,
133.7us,0025,,
134.1us,0025,,
134.5us,0026,,
135us,0028,,
135.4us,0028,,
135.8us,0029,,
136.2us,0029,,
136.6us,0029,,
137us,002A,,
137.5us,002A,,
137.9us,002A,,
138.3us,0033,,
138.7us,0033,,
139.1us,0033,,
139.5us,0034,,
140us,0034,,
140.4us,0034,,
140.8us,0034,,
141.2us,0034,,
141.6us,0035,,
142us,0035,,
142.5us,0035,,
142.9us,0036,,
143.3us,0032,,
143.7us,0032,,
144.1us,0033,,
144.5us,0033,,
145us,0033,,
145.4us,0033,,
145.8us,0033,,
146.2us,0023,,
146.6us,0023,,
147us,0024,,
147.5us,0024,,
147.9us,0024,,
148.3us,0024,,
148.7us,0025,,
149.1us,0025,,
149.5us,0025,,
150us,0025,,
150.4us,0026,,
150.8us,0028,,
151.2us,0028,,
151.6us,0029,,
152us,0029,,
152.5us,0029,,
152.9us,002A,,
153.3us,002A,,
153.7us,002A,,
154.1us,0033,,
154.5us,0033,,
155us,0033,,
155.4us,0034,,
155.8us,0034,,
156.2us,0034,,
156.6us,0034,,
157us,0034,,
157.5us,0035,,
157.9us,0035,,
158.3us,0035,,
158.7us,0036,,
159.1us,0032,,
159.5us,0032,,
160us,0033,,
160.4us,0033,,
160.8us,0033,,
161.2us,0033,,
161.6us,0033,,
162us,0023,,
162.5us,0023,,
162.9us,0024,,
163.3us,0024,,
163.7us,0024,,
164.1us,0024,,
164.5us,0025,,
165us,0025,,
165.4us,0025,,
165.8us,0025,,
166.2us,0026,,
166.6us,0028,,
167us,0028,,
167.5us,0029,,
167.9us,0029,,
168.3us,0029,,
168.7us,002A,,
169.1us,002A,,
169.5us,002A,,
170us,0033,,
170.4us,0033,,
170.8us,0033,,
171.2us,0034,,
171.6us,0034,,
172us,0034,,
172.5us,0034,,
172.9us,0034,,
173.3us,0035,,
173.7us,0035,,
174.1us,0035,,
174.5us,0036,,
175us,0032,,
175.4us,0032,,
175.8us,0033,,
176.2us,0033,,
176.6us,0033,,
177us,0033,,
177.5us,0033,,
177.9us,0023,,
178.3us,0023,,
178.7us,0024,,
179.1us,0024,,
179.5us,0024,,
180us,0024,,
180.4us,0025,,
180.8us,0025,,
181.2us,0025,,
181.6us,0025,,
182us,0026,,
182.5us,0028,,
182.9us,0028,,
183.3us,0029,,
183.7us,0029,,
184.1us,0029,,
184.5us,002A,,
185us,002A,,
185.4us,002A,,
185.8us,0033,,
186.2us,0033,,
186.6us,0033,,
187us,0034,,
187.5us,0034,,
187.9us,0034,,
188.3us,0034,,
188.7us,0034,,
189.1us,0035,,
189.5us,0035,,
190us,0035,,
190.4us,0036,,
190.8us,0032,,
191.2us,0032,,
191.6us,0033,,
192us,0033,,
192.5us,0033,,
192.9us,0033,,
193.3us,0033,,
193.7us,0023,,
194.1us,0023,,
194.5us,0024,,
195us,0024,,
195.4us,0024,,
195.8us,0024,,
196.2us,0025,,
196.6us,0025,,
197us,0025,,
197.5us,0025,,
197.9us,0026,,
198.3us,0028,,
198.7us,0028,,
199.1us,0029,,
199.5us,0029,,
200us,0029,,
200.4us,002A,,
200.8us,002A,,
201.2us,002A,,
201.6us,0033,,
202us,0033,,
202.5us,0033,,
202.9us,0034,,
203.3us,0034,,
203.7us,0034,,
204.1us,0034,,
204.5us,0034,,
205us,0035,,
205.4us,0035,,
205.8us,0035,,
206.2us,0036,,
206.6us,0032,,
207us,0032,,
207.5us,0033,,
207.9us,0033,,
208.3us,0033,,
208.7us,0033,,
209.1us,0033,,
209.5us,0023,,
210us,0023,,
210.4us,0024,,
210.8us,0024,,
211.2us,0024,,
211.6us,0024,,
212us,0025,,
212.5us,0025,,
212.9us,0025,,
213.3us,0025,,
213.7us,0026,,
214.1us,0028,,
214.5us,0028,,
215us,0029,,
215.4us,0029,,
215.8us,0029,,
216.2us,002A,,
216.6us,002A,,
217us,002A,,
217.5us,0033,,
217.9us,0033,,
218.3us,0033,,
218.7us,0034,,
219.1us,0034,,
219.5us,0034,,
220us,0034,,
220.4us,0034,,
220.8us,0035,,
221.2us,0035,,
221.6us,0035,,
222us,0036,,
222.5us,0032,,
222.9us,0032,,
223.3us,0033,,
223.7us,0033,,
224.1us,0033,,
224.5us,0033,,
225us,0033,,
225.4us,0023,,
225.8us,0023,,
226.2us,0024,,
226.6us,0024,,
227us,0024,,
227.5us,0024,,
227.9us,0025,,
228.3us,0025,,
228.7us,0025,,
229.1us,0025,,
229.5us,0026,,
230us,0028,,
230.4us,0028,,
230.8us,0029,,
231.2us,0029,,
231.6us,0029,,
232us,002A,,
232.5us,002A,,
232.9us,002A,,
233.3us,0033,,
233.7us,0033,,
234.1us,0033,,
234.5us,0034,,
235us,0034,,
235.4us,0034,,
235.8us,0034,,
236.2us,0034,,
236.6us,0035,,
237us,0035,,
237.5us,0035,,
237.9us,0036,,
238.3us,0032,,
238.7us,0032,,
239.1us,0033,,
239.5us,0033,,
240us,0033,,
240.4us,0033,,
240.8us,0033,,
241.2us,0023,,
241.6us,0023,,
242us,0024,,
242.5us,0024,,
242.9us,0024,,
243.3us,0024,,
243.7us,0025,,
244.1us,0025,,
244.5us,0025,,
245us,0025,,
245.4us,0026,,
245.8us,0028,,
246.2us,0028,,
246.6us,0029,,
247us,0029,,
247.5us,0029,,
247.9us,002A,,
248.3us,002A,,
248.7us,002A,,
249.1us,0033,,
249.5us,0033,,
250us,0033,,
250.4us,0034,,
250.8us,0034,,
251.2us,0034,,
251.6us,0034,,
252us,0034,,
252.5us,0035,,
252.9us,0035,,
253.3us,0035,,
253.7us,0036,,
254.1us,0032,,
254.5us,0032,,
255us,0033,,
255.4us,0033,,
255.8us,0033,,
256.2us,0033,,
256.6us,0033,,
257us,0023,,
257.5us,0023,,
257.9us,0024,,
258.3us,0024,,
258.7us,0024,,
259.1us,0024,,
259.5us,0025,,
260us,0025,,
260.4us,0025,,
260.8us,0025,,
261.2us,0026,,
261.6us,0028,,
262us,0028,,
262.5us,0029,,
262.9us,0029,,
263.3us,0029,,
263.7us,002A,,
264.1us,002A,,
264.5us,002A,,
265us,0033,,
265.4us,0033,,
265.8us,0033,,
266.2us,0034,,
266.6us,0034,,
267us,0034,,
267.5us,0034,,
267.9us,0034,,
268.3us,0035,,
268.7us,0035,,
269.1us,0035,,
269.5us,0036,,
270us,0032,,
270.4us,0032,,
270.8us,0033,,
271.2us,0033,,
271.6us,0033,,
272us,0033,,
272.5us,0033,,
272.9us,0023,,
273.3us,0023,,
273.7us,0024,,
274.1us,0024,,
274.5us,0024,,
275us,0024,,
275.4us,0025,,
275.8us,0025,,
276.2us,0025,,
276.6us,0025,,
277us,0026,,
277.5us,0028,,
277.9us,0028,,
278.3us,0029,,
278.7us,0029,,
279.1us,0029,,
279.5us,002A,,
280us,002A,,
280.4us,002A,,
280.8us,0033,,
281.2us,0033,,
281.6us,0033,,
282us,0034,,
282.5us,0034,,
282.9us,0034,,
283.3us,0034,,
283.7us,0034,,
284.1us,0035,,
284.5us,0035,,
285us,0035,,
285.4us,0036,,
285.8us,0032,,
286.2us,0032,,
286.6us,0033,,
287us,0033,,
287.5us,0033,,
287.9us,0033,,
288.3us,0033,,
288.7us,0023,,
289.1us,0023,,
289.5us,0024,,
290us,0024,,
290.4us,0024,,
290.8us,0024,,
291.2us,0025,,
291.6us,0025,,
292us,0025,,
292.5us,0025,,
292.9us,0026,,
293.3us,0028,,
293.7us,0028,,
294.1us,0029,,
294.5us,0029,,
295us,0029,,
295.4us,002A,,
295.8us,002A,,
296.2us,002A,,
296.6us,0033,,
297us,0033,,
297.5us,0033,,
297.9us,0034,,
298.3us,0034,,
298.7us,0034,,
299.1us,0034,,
299.5us,0034,,
300us,0035,,
300.4us,0035,,
300.8us,0035,,
301.2us,0036,,
301.6us,0032,,
302us,0032,,
302.5us,0033,,
302.9us,0033,,
303.3us,0033,,
303.7us,0033,,
304.1us,0033,,
304.5us,0023,,
305us,0023,,
305.4us,0024,,
305.8us,0024,,
306.2us,0024,,
306.6us,0024,,
307us,0025,,
307.5us,0025,,
307.9us,0025,,
308.3us,0025,,
308.7us,0026,,
309.1us,0028,,
309.5us,0028,,
310us,0029,,
310.4us,0029,,
310.8us,0029,,
311.2us,002A,,
311.6us,002A,,
312us,002A,,
312.5us,0033,,
312.9us,0033,,
313.3us,0033,,
313.7us,0034,,
314.1us,0034,,
314.5us,0034,,
315us,0034,,
315.4us,0034,,
315.8us,0035,,
316.2us,0035,,
316.6us,0035,,
317us,0036,,
317.5us,0032,,
317.9us,0032,,
318.3us,0033,,
318.7us,0033,,
319.1us,0033,,
319.5us,0033,,
320us,0033,,
320.4us,0023,,
320.8us,0023,,
321.2us,0024,,
321.6us,0024,,
322us,0024,,
322.5us,0024,,
322.9us,0025,,
323.3us,0025,,
323.7us,0025,,
324.1us,0025,,
324.5us,0026,,
325us,0028,,
325.4us,0028,,
325.8us,0029,,
326.2us,0029,,
326.6us,0029,,
327us,002A,,
327.5us,002A,,
327.9us,002A,,
328.3us,0033,,
328.7us,0033,,
329.1us,0033,,
329.5us,0034,,
330us,0034,,
330.4us,0034,,
330.8us,0034,,
331.2us,0034,,
331.6us,0035,,
332us,0035,,
332.5us,0035,,
332.9us,0036,,
333.3us,0032,,
333.7us,0032,,
334.1us,0033,,
334.5us,0033,,
335us,0033,,
335.4us,0033,,
335.8us,0033,,
336.2us,0023,,
336.6us,0023,,
337us,0024,,
337.5us,0024,,
337.9us,0024,,
338.3us,0024,,
338.7us,0025,,
339.1us,0025,,
339.5us,0025,,
340us,0025,,
340.4us,0026,,
340.8us,0028,,
341.2us,0028,,
341.6us,0029,,
342us,0029,,
342.5us,0029,,
342.9us,002A,,
343.3us,002A,,
343.7us,002A,,
344.1us,0033,,
344.5us,0033,,
345us,0033,,
345.4us,0034,,
345.8us,0034,,
346.2us,0034,,
346.6us,0034,,
347us,0034,,
347.5us,0035,,
347.9us,0035,,
348.3us,0035,,
348.7us,0036,,
349.1us,0032,,
349.5us,0032,,
350us,0033,,
350.4us,0033,,
350.8us,0033,,
351.2us,0033,,
351.6us,0033,,
352us,0023,,
352.5us,0023,,
352.9us,0024,,
353.3us,0024,,
353.7us,0024,,
354.1us,0024,,
354.5us,0025,,
355us,0025,,
355.4us,0025,,
355.8us,0025,,
356.2us,0026,,
356.6us,0028,,
357us,0028,,
357.5us,0029,,
357.9us,0029,,
358.3us,0029,,
358.7us,002A,,
359.1us,002A,,
359.5us,002A,,
360us,0033,,
360.4us,0033,,
360.8us,0033,,
361.2us,0034,,
361.6us,0034,,
362us,0034,,
362.5us,0034,,
362.9us,0034,,
363.3us,0035,,
363.7us,0035,,
364.1us,0035,,
364.5us,0036,,
365us,0032,,
365.4us,0032,,
365.8us,0033,,
366.2us,0033,,
366.6us,0033,,
367us,0033,,
367.5us,0033,,
367.9us,0023,,
368.3us,0023,,
368.7us,0024,,
369.1us,0024,,
369.5us,0024,,
370us,0024,,
370.4us,0025,,
370.8us,0025,,
371.2us,0025,,
371.6us,0025,,
372us,0026,,
372.5us,0028,,
372.9us,0028,,
373.3us,0029,,
373.7us,0029,,
374.1us,0029,,
374.5us,002A,,
375us,002A,,
375.4us,002A,,
375.8us,0033,,
376.2us,0033,,
376.6us,0033,,
377us,0034,,
377.5us,0034,,
377.9us,0034,,
378.3us,0034,,
378.7us,0034,,
379.1us,0035,,
379.5us,0035,,
380us,0035,,
380.4us,0036,,
380.8us,0032,,
381.2us,0032,,
381.6us,0033,,
382us,0033,,
382.5us,0033,,
382.9us,0033,,
383.3us,0033,,
383.7us,0023,,
384.1us,0023,,
384.5us,0024,,
385us,0024,,
385.4us,0024,,
385.8us,0024,,
386.2us,0025,,
386.6us,0025,,
387us,0025,,
387.5us,0025,,
387.9us,0026,,
388.3us,0028,,
388.7us,0028,,
389.1us,0029,,
389.5us,0029,,
390us,0029,,
390.4us,002A,,
390.8us,002A,,
391.2us,002A,,
391.2us,7FFF,,
391.6us,7FFF,,
392us,7FFF,,
392.5us,7FFF,,
392.9us,0000,,
393.3us,0000,,
393.7us,0000,,
394.1us,0000,,
394.5us,0000,,
395us,0000,,
395.4us,0000,,
395.8us,0000,,
396.2us,0001,,
396.6us,0031,,
397us,0031,,
397.5us,0032,,
397.9us,0032,,
398.3us,0032,,
398.7us,0032,,
399.1us,0032,,
399.5us,0001,,
400us,0001,,
400.4us,0002,,
400.8us,0002,,
401.2us,0002,,
401.6us,0003,,
402us,0003,,
402.5us,0003,,
402.9us,0003,,
403.3us,0003,,
403.7us,0004,,
404.1us,0004,,
404.5us,0004,,
405us,0005,,
405.4us,0005,,
405.8us,0005,,
406.2us,0005,,
406.6us,0005,,
407us,0006,,
407.5us,0006,,
407.9us,0006,,
408.3us,0007,,
408.7us,0007,,
409.1us,0007,,
409.5us,0007,,
410us,0007,,
410.4us,0008,,
410.8us,0008,,
411.2us,0008,,
411.6us,0009,,
412us,0009,,
412.5us,0009,,
412.9us,0009,,
413.3us,0009,,
413.7us,000A,,
414.1us,000A,,
414.5us,000A,,
415us,000B,,
415.4us,000B,,
415.8us,000B,,
416.2us,000B,,
416.6us,000B,,
417us,000C,,
417.5us,000C,,
417.9us,000C,,
418.3us,000D,,
418.7us,000D,,
419.1us,000D,,
419.5us,000D,,
420us,000D,,
420.4us,000E,,
420.8us,000E,,
421.2us,000E,,
421.6us,000F,,
422us,000F,,
422.5us,000F,,
422.9us,000F,,
423.3us,000F,,
423.7us,0010,,
424.1us,0010,,
424.5us,0010,,
425us,0032,,
425.4us,0032,,
425.8us,0032,,
426.2us,0033,,
426.6us,0033,,
427us,0033,,
427.5us,0033,,
427.9us,0033,,
428.3us,0023,,
428.7us,0023,,
429.1us,0024,,
429.5us,0024,,
430us,0024,,
430.4us,0024,,
430.8us,0025,,
431.2us,0025,,
431.6us,0025,,
432us,0025,,
432.5us,0026,,
432.9us,0028,,
433.3us,0028,,
433.7us,0029,,
434.1us,0029,,
434.5us,0029,,
435us,002A,,
435.4us,002A,,
435.8us,002A,,
436.2us,0033,,
436.6us,0033,,
437us,0033,,
437.5us,0034,,
437.9us,0034,,
438.3us,0034,,
438.7us,0034,,
439.1us,0034,,
439.5us,0035,,
440us,0035,,
440.4us,0035,,
440.8us,0036,,
441.2us,0032,,
441.6us,0032,,
442us,0033,,
442.5us,0033,,
442.9us,0033,,
443.3us,0033,,
443.7us,0033,,
444.1us,0023,,
444.5us,0023,,
445us,0024,,
445.4us,0024,,
445.8us,0024,,
446.2us,0024,,
446.6us,0025,,
447us,0025,,
447.5us,0025,,
447.9us,0025,,
448.3us,0026,,
448.7us,0028,,
449.1us,0028,,
449.5us,0029,,
450us,0029,,
450.4us,0029,,
450.8us,002A,,
451.2us,002A,,
451.6us,002A,,
452us,0033,,
452.5us,0033,,
452.9us,0033,,
453.3us,0034,,
453.7us,0034,,
454.1us,0034,,
454.5us,0034,,
455us,0034,,
455.4us,0035,,
455.8us,0035,,
456.2us,0035,,
456.6us,0036,,
457us,0032,,
457.5us,0032,,
457.9us,0033,,
458.3us,0033,,
458.7us,0033,,
459.1us,0033,,
459.5us,0033,,
460us,0023,,
460.4us,0023,,
460.8us,0024,,
461.2us,0024,,
461.6us,0024,,
462us,0024,,
462.5us,0025,,
462.9us,0025,,
463.3us,0025,,
463.7us,0025,,
464.1us,0026,,
464.5us,0028,,
465us,0028,,
465.4us,0029,,
465.8us,0029,,
466.2us,0029,,
466.6us,002A,,
467us,002A,,
467.5us,002A,,
467.9us,0033,,
468.3us,0033,,
468.7us,0033,,
469.1us,0034,,
469.5us,0034,,
470us,0034,,
470.4us,0034,,
470.8us,0034,,
471.2us,0035,,
471.6us,0035,,
472us,0035,,
472.5us,0036,,
472.9us,0032,,
473.3us,0032,,
473.7us,0033,,
474.1us,0033,,
474.5us,0033,,
475us,0033,,
475.4us,0033,,
475.8us,0023,,
476.2us,0023,,
476.6us,0024,,
477us,0024,,
477.5us,0024,,
477.9us,0024,,
478.3us,0025,,
478.7us,0025,,
479.1us,0025,,
479.5us,0025,,
480us,0026,,
480.4us,0028,,
480.8us,0028,,
481.2us,0029,,
481.6us,0029,,
482us,0029,,
482.5us,002A,,
482.9us,002A,,
483.3us,002A,,
483.7us,0033,,
484.1us,0033,,
484.5us,0033,,
485us,0034,,
485.4us,0034,,
485.8us,0034,,
486.2us,0034,,
486.6us,0034,,
487us,0035,,
487.5us,0035,,
487.9us,0035,,
488.3us,0036,,
488.7us,0032,,
489.1us,0032,,
489.5us,0033,,
490us,0033,,
490.4us,0033,,
490.8us,0033,,
491.2us,0033,,
491.6us,0023,,
492us,0023,,
492.5us,0024,,
492.9us,0024,,
493.3us,0024,,
493.7us,0024,,
494.1us,0025,,
494.5us,0025,,
495us,0025,,
495.4us,0025,,
495.8us,0026,,
496.2us,0028,,
496.6us,0028,,
497us,0029,,
497.5us,0029,,
497.9us,0029,,
498.3us,002A,,
498.7us,002A,,
499.1us,002A,,
499.5us,0033,,
500us,0033,,
500.4us,0033,,
500.8us,0034,,
501.2us,0034,,
501.6us,0034,,
502us,0034,,
502.5us,0034,,
502.9us,0035,,
503.3us,0035,,
503.7us,0035,,
504.1us,0036,,
504.5us,0032,,
505us,0032,,
505.4us,0033,,
505.8us,0033,,
506.2us,0033,,
506.6us,0033,,
507us,0033,,
507.5us,0023,,
507.9us,0023,,
508.3us,0024,,
508.7us,0024,,
509.1us,0024,,
509.5us,0024,,
510us,0025,,
510.4us,0025,,
510.8us,0025,,
511.2us,0025,,
511.6us,0026,,
512us,0028,,
512.5us,0028,,
512.9us,0029,,
513.3us,0029,,
513.7us,0029,,
514.1us,002A,,
514.5us,002A,,
515us,002A,,
515.4us,0033,,
515.8us,0033,,
516.2us,0033,,
516.6us,0034,,
517us,0034,,
517.5us,0034,,
517.9us,0034,,
518.3us,0034,,
518.7us,0035,,
519.1us,0035,,
519.5us,0035,,
520us,0036,,
520.4us,0032,,
520.8us,0032,,
521.2us,0033,,
521.6us,0033,,
522us,0033,,
522.5us,0033,,
522.9us,0033,,
523.3us,0023,,
523.7us,0023,,
524.1us,0024,,
524.5us,0024,,
525us,0024,,
525.4us,0024,,
525.8us,0025,,
526.2us,0025,,
526.6us,0025,,
527us,0025,,
527.5us,0026,,
527.9us,0028,,
528.3us,0028,,
528.7us,0029,,
529.1us,0029,,
529.5us,0029,,
530us,002A,,
530.4us,002A,,
530.8us,002A,,
531.2us,0033,,
531.6us,0033,,
532us,0033,,
532.5us,0034,,
532.9us,0034,,
533.3us,0034,,
533.7us,0034,,
534.1us,0034,,
534.5us,0035,,
535us,0035,,
535.4us,0035,,
535.8us,0036,,
536.2us,0032,,
536.6us,0032,,
537us,0033,,
537.5us,0033,,
537.9us,0033,,
538.3us,0033,,
538.7us,0033,,
539.1us,0023,,
539.5us,0023,,
540us,0024,,
540.4us,0024,,
540.8us,0024,,
541.2us,0024,,
541.6us,0025,,
542us,0025,,
542.5us,0025,,
542.9us,0025,,
543.3us,0026,,
543.7us,0028,,
544.1us,0028,,
544.5us,0029,,
545us,0029,,
545.4us,0029,,
545.8us,002A,,
546.2us,002A,,
546.6us,002A,,
547us,0033,,
547.5us,0033,,
547.9us,0033,,
548.3us,0034,,
548.7us,0034,,
549.1us,0034,,
549.5us,0034,,
550us,0034,,
550.4us,0035,,
550.8us,0035,,
551.2us,0035,,
551.6us,0036,,
552us,0032,,
552.5us,0032,,
552.9us,0033,,
553.3us,0033,,
553.7us,0033,,
554.1us,0033,,
554.5us,0033,,
555us,0023,,
555.4us,0023,,
555.8us,0024,,
556.2us,0024,,
556.6us,0024,,
557us,0024,,
557.5us,0025,,
557.9us,0025,,
558.3us,0025,,
558.7us,0025,,
559.1us,0026,,
559.5us,0028,,
560us,0028,,
560.4us,0029,,
560.8us,0029,,
561.2us,0029,,
561.6us,002A,,
562us,002A,,
562.5us,002A,,
562.9us,0033,,
563.3us,0033,,
563.7us,0033,,
564.1us,0034,,
564.5us,0034,,
565us,0034,,
565.4us,0034,,
565.8us,0034,,
566.2us,0035,,
566.6us,0035,,
567us,0035,,
567.5us,0036,,
567.9us,0032,,
568.3us,0032,,
568.7us,0033,,
569.1us,0033,,
569.5us,0033,,
570us,0033,,
570.4us,0033,,
570.8us,0023,,
571.2us,0023,,
571.6us,0024,,
572us,0024,,
572.5us,0024,,
572.9us,0024,,
573.3us,0025,,
573.7us,0025,,
574.1us,0025,,
574.5us,0025,,
575us,0026,,
575.4us,0028,,
575.8us,0028,,
576.2us,0029,,
576.6us,0029,,
577us,0029,,
577.5us,002A,,
577.9us,002A,,
578.3us,002A,,
578.7us,0033,,
579.1us,0033,,
579.5us,0033,,
580us,0034,,
580.4us,0034,,
580.8us,0034,,
581.2us,0034,,
581.6us,0034,,
582us,0035,,
582.5us,0035,,
582.9us,0035,,
583.3us,0036,,
583.7us,0032,,
584.1us,0032,,
584.5us,0033,,
585us,0033,,
585.4us,0033,,
585.8us,0033,,
586.2us,0033,,
586.6us,0023,,
587us,0023,,
587.5us,0024,,
587.9us,0024,,
588.3us,0024,,
588.7us,0024,,
589.1us,0025,,
589.5us,0025,,
590us,0025,,
590.4us,0025,,
590.8us,0026,,
591.2us,0028,,
591.6us,0028,,
592us,0029,,
592.5us,0029,,
592.9us,0029,,
593.3us,002A,,
593.7us,002A,,
594.1us,002A,,
594.5us,0033,,
595us,0033,,
595.4us,0033,,
595.8us,0034,,
596.2us,0034,,
596.6us,0034,,
597us,0034,,
597.5us,0034,,
597.9us,0035,,
598.3us,0035,,
598.7us,0035,,
599.1us,0036,,
599.5us,0032,,
600us,0032,,
600.4us,0033,,
600.8us,0033,,
601.2us,0033,,
601.6us,0033,,
602us,0033,,
602.5us,0023,,
602.9us,0023,,
603.3us,0024,,
603.7us,0024,,
604.1us,0024,,
604.5us,0024,,
605us,0025,,
605.4us,0025,,
605.8us,0025,,
606.2us,0025,,
606.6us,0026,,
607us,0028,,
607.5us,0028,,
607.9us,0029,,
608.3us,0029,,
608.7us,0029,,
609.1us,002A,,
609.5us,002A,,
610us,002A,,
610.4us,0033,,
610.8us,0033,,
611.2us,0033,,
611.6us,0034,,
612us,0034,,
612.5us,0034,,
612.9us,0034,,
613.3us,0034,,
613.7us,0035,,
614.1us,0035,,
614.5us,0035,,
615us,0036,,
615.4us,0032,,
615.8us,0032,,
616.2us,0033,,
616.6us,0033,,
617us,0033,,
617.5us,0033,,
617.9us,0033,,
618.3us,0023,,
618.7us,0023,,
619.1us,0024,,
619.5us,0024,,
620us,0024,,
620.4us,0024,,
620.8us,0025,,
621.2us,0025,,
621.6us,0025,,
622us,0025,,
622.5us,0026,,
622.9us,0028,,
623.3us,0028,,
623.7us,0029,,
624.1us,0029,,
624.5us,0029,,
625us,002A,,
625.4us,002A,,
625.8us,002A,,
626.2us,0033,,
626.6us,0033,,
627us,0033,,
627.5us,0034,,
627.9us,0034,,
628.3us,0034,,
628.7us,0034,,
629.1us,0034,,
629.5us,0035,,
630us,0035,,
630.4us,0035,,
630.8us,0036,,
631.2us,0032,,
631.6us,0032,,
632us,0033,,
632.5us,0033,,
632.9us,0033,,
633.3us,0033,,
633.7us,0033,,
634.1us,0023,,
634.5us,0023,,
635us,0024,,
635.4us,0024,,
635.8us,0024,,
636.2us,0024,,
636.6us,0025,,
637us,0025,,
637.5us,0025,,
637.9us,0025,,
638.3us,0026,,
638.7us,0028,,
639.1us,0028,,
639.5us,0029,,
640us,0029,,
640.4us,0029,,
640.8us,002A,,
641.2us,002A,,
641.6us,002A,,
642us,0033,,
642.5us,0033,,
642.9us,0033,,
643.3us,0034,,
643.7us,0034,,
644.1us,0034,,
644.5us,0034,,
645us,0034,,
645.4us,0035,,
645.8us,0035,,
646.2us,0035,,
646.6us,0036,,
647us,0032,,
647.5us,0032,,
647.9us,0033,,
648.3us,0033,,
648.7us,0033,,
649.1us,0033,,
649.5us,0033,,
650us,0023,,
650.4us,0023,,
650.8us,0024,,
651.2us,0024,,
651.6us,0024,,
652us,0024,,
652.5us,0025,,
652.9us,0025,,
653.3us,0025,,
653.7us,0025,,
654.1us,0026,,
654.5us,0028,,
655us,0028,,
655.4us,0029,,
655.8us,0029,,
656.2us,0029,,
656.6us,002A,,
657us,002A,,
657.5us,002A,,
657.9us,0033,,
658.3us,0033,,
658.7us,0033,,
659.1us,0034,,
659.5us,0034,,
660us,0034,,
660.4us,0034,,
660.8us,0034,,
661.2us,0035,,
661.6us,0035,,
662us,0035,,
662.5us,0036,,
662.9us,0032,,
663.3us,0032,,
663.7us,0033,,
664.1us,0033,,
664.5us,0033,,
665us,0033,,
665.4us,0033,,
665.8us,0023,,
666.2us,0023,,
666.6us,0024,,
667us,0024,,
667.5us,0024,,
667.9us,0024,,
668.3us,0025,,
668.7us,0025,,
669.1us,0025,,
669.5us,0025,,
670us,0026,,
670.4us,0028,,
670.8us,0028,,
671.2us,0029,,
671.6us,0029,,
672us,0029,,
672.5us,002A,,
672.9us,002A,,
673.3us,002A,,
673.7us,0033,,
674.1us,0033,,
674.5us,0033,,
675us,0034,,
675.4us,0034,,
675.8us,0034,,
676.2us,0034,,
676.6us,0034,,
677us,0035,,
677.5us,0035,,
677.9us,0035,,
678.3us,0036,,
678.7us,0032,,
679.1us,0032,,
679.5us,0033,,
680us,0033,,
680.4us,0033,,
680.8us,0033,,
681.2us,0033,,
681.6us,0023,,
682us,0023,,
682.5us,0024,,
682.9us,0024,,
683.3us,0024,,
683.7us,0024,,
684.1us,0025,,
684.5us,0025,,
685us,0025,,
685.4us,0025,,
685.8us,0026,,
686.2us,0028,,
686.6us,0028,,
687us,0029,,
687.5us,0029,,
687.9us,0029,,
688.3us,002A,,
688.7us,002A,,
689.1us,002A,,
689.5us,0033,,
690us,0033,,
690.4us,0033,,
690.8us,0034,,
691.2us,0034,,
691.6us,0034,,
692us,0034,,
692.5us,0034,,
692.9us,0035,,
693.3us,0035,,
693.7us,0035,,
694.1us,0036,,
694.5us,0032,,
695us,0032,,
695.4us,0033,,
695.8us,0033,,
696.2us,0033,,
696.6us,0033,,
697us,0033,,
697.5us,0023,,
697.9us,0023,,
698.3us,0024,,
698.7us,0024,,
699.1us,0024,,
699.5us,0024,,
700us,0025,,
700.4us,0025,,
700.8us,0025,,
701.2us,0025,,
701.6us,0026,,
702us,0028,,
702.5us,0028,,
702.9us,0029,,
703.3us,0029,,
703.7us,0029,,
704.1us,002A,,
704.5us,002A,,
705us,002A,,
705.4us,0033,,
705.8us,0033,,
706.2us,0033,,
706.6us,0034,,
707us,0034,,
707.5us,0034,,
707.9us,0034,,
708.3us,0034,,
708.7us,0035,,
709.1us,0035,,
709.5us,0035,,
710us,0036,,
710.4us,0032,,
710.8us,0032,,
711.2us,0033,,
711.6us,0033,,
712us,0033,,
712.5us,0033,,
712.9us,0033,,
713.3us,0023,,
713.7us,0023,,
714.1us,0024,,
714.5us,0024,,
715us,0024,,
715.4us,0024,,
715.8us,0025,,
716.2us,0025,,
716.6us,0025,,
717us,0025,,
717.5us,0026,,
717.9us,0028,,
718.3us,0028,,
718.7us,0029,,
719.1us,0029,,
719.5us,0029,,
720us,002A,,
720.4us,002A,,
720.8us,002A,,
721.2us,0033,,
721.6us,0033,,
722us,0033,,
722.5us,0034,,
722.9us,0034,,
723.3us,0034,,
723.7us,0034,,
724.1us,0034,,
724.5us,0035,,
725us,0035,,
725.4us,0035,,
725.8us,0036,,
726.2us,0032,,
726.6us,0032,,
727us,0033,,
727.5us,0033,,
727.9us,0033,,
728.3us,0033,,
728.7us,0033,,
729.1us,0023,,
729.5us,0023,,
730us,0024,,
730.4us,0024,,
730.8us,0024,,
731.2us,0024,,
731.6us,0025,,
732us,0025,,
732.5us,0025,,
732.9us,0025,,
733.3us,0026,,
733.7us,0028,,
734.1us,0028,,
734.5us,0029,,
735us,0029,,
735.4us,0029,,
735.8us,002A,,
736.2us,002A,,
736.6us,002A,,
737us,0033,,
737.4us,0033,,
737.9us,0033,,
738.3us,0034,,
738.7us,0034,,
739.1us,0034,,
739.5us,0034,,
740us,0034,,
740.4us,0035,,
740.8us,0035,,
741.2us,0035,,
741.6us,0036,,
742us,0032,,
742.5us,0032,,
742.9us,0033,,
743.3us,0033,,
743.7us,0033,,
744.1us,0033,,
744.5us,0033,,
745us,0023,,
745.4us,0023,,
745.8us,0024,,
746.2us,0024,,
746.6us,0024,,
747us,0024,,
747.4us,0025,,
747.9us,0025,,
748.3us,0025,,
748.7us,0025,,
749.1us,0026,,
749.5us,0028,,
749.9us,0028,,
750.4us,0029,,
750.8us,0029,,
751.2us,0029,,
751.6us,002A,,
752us,002A,,
752.5us,002A,,
752.9us,0033,,
753.3us,0033,,
753.7us,0033,,
754.1us,0034,,
754.5us,0034,,
755us,0034,,
755.4us,0034,,
755.8us,0034,,
756.2us,0035,,
756.6us,0035,,
757us,0035,,
757.5us,0036,,
757.9us,0032,,
758.3us,0032,,
758.7us,0033,,
759.1us,0033,,
759.5us,0033,,
759.9us,0033,,
760.4us,0033,,
760.8us,0023,,
761.2us,0023,,
761.6us,0024,,
762us,0024,,
762.5us,0024,,
762.9us,0024,,
763.3us,0025,,
763.7us,0025,,
764.1us,0025,,
764.5us,0025,,
765us,0026,,
765.4us,0028,,
765.8us,0028,,
766.2us,0029,,
766.6us,0029,,
767us,0029,,
767.5us,002A,,
767.9us,002A,,
768.3us,002A,,
768.7us,0033,,
769.1us,0033,,
769.5us,0033,,
769.9us,0034,,
770.4us,0034,,
770.8us,0034,,
771.2us,0034,,
771.6us,0034,,
772us,0035,,
772.4us,0035,,
772.9us,0035,,
773.3us,0036,,
773.7us,0032,,
774.1us,0032,,
774.5us,0033,,
774.9us,0033,,
775.4us,0033,,
775.8us,0033,,
776.2us,0033,,
776.6us,0023,,
777us,0023,,
777.5us,0024,,
777.9us,0024,,
778.3us,0024,,
778.7us,0024,,
779.1us,0025,,
779.5us,0025,,
780us,0025,,
780.4us,0025,,
780.8us,0026,,
781.2us,0028,,
781.6us,0028,,
782us,0029,,
782.4us,0029,,
782.9us,0029,,
783.3us,002A,,
783.7us,002A,,
784.1us,002A,,
784.5us,0033,,
784.9us,0033,,
785.4us,0033,,
785.8us,0034,,
786.2us,0034,,
786.6us,0034,,
787us,0034,,
787.4us,0034,,
787.9us,0035,,
788.3us,0035,,
788.7us,0035,,
789.1us,0036,,
789.5us,0032,,
789.9us,0032,,
790.4us,0033,,
790.8us,0033,,
791.2us,0033,,
791.6us,0033,,
792us,0033,,
792.4us,0023,,
792.9us,0023,,
793.3us,0024,,
793.7us,0024,,
794.1us,0024,,
794.5us,0024,,
794.9us,0025,,
795.4us,0025,,
795.8us,0025,,
796.2us,0025,,
796.6us,0026,,
797us,0028,,
797.4us,0028,,
797.9us,0029,,
798.3us,0029,,
798.7us,0029,,
799.1us,002A,,
799.5us,002A,,
799.9us,002A,,
800.4us,0033,,
800.8us,0033,,
801.2us,0033,,
801.6us,0034,,
802us,0034,,
802.4us,0034,,
802.9us,0034,,
803.3us,0034,,
803.7us,0035,,
804.1us,0035,,
804.5us,0035,,
804.9us,0036,,
805.4us,0032,,
805.8us,0032,,
806.2us,0033,,
806.6us,0033,,
807us,0033,,
807.4us,0033,,
807.9us,0033,,
808.3us,0023,,
808.7us,0023,,
809.1us,0024,,
809.5us,0024,,
809.9us,0024,,
810.4us,0024,,
810.8us,0025,,
811.2us,0025,,
811.6us,0025,,
812us,0025,,
812.4us,0026,,
812.9us,0028,,
813.3us,0028,,
813.7us,0029,,
814.1us,0029,,
814.5us,0029,,
814.9us,002A,,
815.4us,002A,,
815.8us,002A,,
816.2us,0033,,
816.6us,0033,,
817us,0033,,
817.4us,0034,,
817.9us,0034,,
818.3us,0034,,
818.7us,0034,,
819.1us,0034,,
819.5us,0035,,
819.9us,0035,,
820.4us,0035,,
820.8us,0036,,
821.2us,0032,,
821.6us,0032,,
822us,0033,,
822.4us,0033,,
822.9us,0033,,
823.3us,0033,,
823.7us,0033,,
824.1us,0023,,
824.5us,0023,,
824.9us,0024,,
825.4us,0024,,
825.8us,0024,,
826.2us,0024,,
826.6us,0025,,
827us,0025,,
827.4us,0025,,
827.9us,0025,,
828.3us,0026,,
828.7us,0028,,
829.1us,0028,,
829.5us,0029,,
829.9us,0029,,
830.4us,0029,,
830.8us,002A,,
831.2us,002A,,
831.6us,002A,,
832us,0033,,
832.4us,0033,,
832.9us,0033,,
833.3us,0034,,
833.7us,0034,,
834.1us,0034,,
834.5us,0034,,
834.9us,0034,,
835.4us,0035,,
835.8us,0035,,
836.2us,0035,,
836.6us,0036,,
837us,0032,,
837.4us,0032,,
837.9us,0033,,
838.3us,0033,,
838.7us,0033,,
839.1us,0033,,
839.5us,0033,,
839.9us,0023,,
840.4us,0023,,
840.8us,0024,,
841.2us,0024,,
841.6us,0024,,
842us,0024,,
842.4us,0025,,
842.9us,0025,,
843.3us,0025,,
843.7us,0025,,
844.1us,0026,,
844.5us,0028,,
844.9us,0028,,
845.4us,0029,,
845.8us,0029,,
846.2us,0029,,
846.6us,002A,,
847us,002A,,
847.4us,002A,,
847.9us,0033,,
848.3us,0033,,
848.7us,0033,,
849.1us,0034,,
849.5us,0034,,
849.9us,0034,,
850.4us,0034,,
850.8us,0034,,
851.2us,0035,,
851.6us,0035,,
852us,0035,,
852.4us,0036,,
852.9us,0032,,
853.3us,0032,,
853.7us,0033,,
854.1us,0033,,
854.5us,0033,,
854.9us,0033,,
855.4us,0033,,
855.8us,0023,,
856.2us,0023,,
856.6us,0024,,
857us,0024,,
857.4us,0024,,
857.9us,0024,,
858.3us,0025,,
858.7us,0025,,
859.1us,0025,,
859.5us,0025,,
859.9us,0026,,
860.4us,0028,,
860.8us,0028,,
861.2us,0029,,
861.6us,0029,,
862us,0029,,
862.4us,002A,,
862.9us,002A,,
863.3us,002A,,
863.7us,0033,,
864.1us,0033,,
864.5us,0033,,
864.9us,0034,,
865.4us,0034,,
865.8us,0034,,
866.2us,0034,,
866.6us,0034,,
867us,0035,,
867.4us,0035,,
867.9us,0035,,
868.3us,0036,,
868.7us,0032,,
869.1us,0032,,
869.5us,0033,,
869.9us,0033,,
870.4us,0033,,
870.8us,0033,,
871.2us,0033,,
871.6us,0023,,
872us,0023,,
872.4us,0024,,
872.9us,0024,,
873.3us,0024,,
873.7us,0024,,
874.1us,0025,,
874.5us,0025,,
874.9us,0025,,
875.4us,0025,,
875.8us,0026,,
876.2us,0028,,
876.6us,0028,,
877us,0029,,
877.4us,0029,,
877.9us,0029,,
878.3us,002A,,
878.7us,002A,,
879.1us,002A,,
879.5us,0033,,
879.9us,0033,,
880.4us,0033,,
880.8us,0034,,
881.2us,0034,,
881.6us,0034,,
882us,0034,,
882.4us,0034,,
882.9us,0035,,
883.3us,0035,,
883.7us,0035,,
884.1us,0036,,
884.5us,0032,,
884.9us,0032,,
885.4us,0033,,
885.8us,0033,,
886.2us,0033,,
886.6us,0033,,
887us,0033,,
887.4us,0023,,
887.9us,0023,,
888.3us,0024,,
888.7us,0024,,
889.1us,0024,,
889.5us,0024,,
889.9us,0025,,
890.4us,0025,,
890.8us,0025,,
891.2us,0025,